oblast,MPs,smd,sum,count,year
Вінницька область,Олександр Домбровський,11,20.9,25,2016
Вінницька область,Олексій Порошенко,12,12.8,11,2016
Вінницька область,Петро Юрчишин,13,12,17,2016
Вінницька область,Іван Мельничук,14,17.3,19,2016
Вінницька область,Іван Спориш,15,17,7,2016
Вінницька область,Юрій Македон,16,17,47,2016
Вінницька область,Микола Кучер,17,18.9,61,2016
Вінницька область,Руслан Демчак,18,18.6,27,2016
Волинська область,Ігор Гузь,19,15.2,127,2016
Волинська область,Сергій Мартиняк,20,17,24,2016
Волинська область,Степан Івахів,21,19,22,2016
Волинська область,Ігор Лапін,22,17,2,2016
Волинська область,Ірина Констанкевич,23,6.6,8,2016
Дніпропетровська область,Максим Курячий,25,5,5,2016
Дніпропетровська область,Тетяна Ричкова,27,5,1,2016
Дніпропетровська область,Віталій Купрій,29,0.5,1,2016
Дніпропетровська область,Олександр Дубінін,30,14.3,11,2016
Дніпропетровська область,Костянтин Павлов,31,3.6,6,2016
Дніпропетровська область,Костянтин Усов,33,16.9,18,2016
Дніпропетровська область,Олег Кришин,34,17,21,2016
Дніпропетровська область,Андрій Шипко,35,12.4,4,2016
Дніпропетровська область,Дмитро Шпенов,37,1.3,3,2016
Дніпропетровська область,Вадим Нестеренко,38,18.1,10,2016
Дніпропетровська область,Валентин Дідич,40,3.4,4,2016
Донецька область,Юрій Солод,47,12.8,8,2016
Донецька область,Максим Єфімов,48,17,10,2016
Донецька область,Денис Омельянович,49,3,1,2016
Донецька область,Євгеній Гєллєр,50,34.5,35,2016
Донецька область,Ігор Шкіря,52,10,9,2016
Донецька область,Сергій Матвієнков,57,13.2,7,2016
Донецька область,Сергій Тарута,58,8.4,3,2016
Донецька область,Сергій Сажко,59,1.2,3,2016
Донецька область,Дмитро Лубінець,60,17,25,2016
Житомирська область,Борислав Розенблат,62,16.1,13,2016
Житомирська область,Олександр Ревега,63,9.4,70,2016
Житомирська область,Володимир Арешонков,64,12,54,2016
Житомирська область,Володимир Литвин,65,17.6,137,2016
Житомирська область,Павло Дзюблик,66,17,43,2016
Житомирська область,Віктор Развадовський,67,17,61,2016
Закарпатська область,Роберт Горват,68,25.1,24,2016
Закарпатська область,Михайло Ланьо,70,7.5,7,2016
Закарпатська область,Павло Балога,71,24.5,4,2016
Закарпатська область,Василь Петьовка,72,12.9,17,2016
Запорізька область,Петро Сабашук,74,21.2,11,2016
Запорізька область,Ігор Артюшенко,75,12.8,3,2016
Запорізька область,Микола Фролов,76,7,5,2016
Запорізька область,Вячеслав Богуслаєв,77,17,5,2016
Запорізька область,Володимир Бандуров,79,16.9,49,2016
Запорізька область,Євген Балицький,80,3.8,1,2016
Запорізька область,Сергій Валентиров,81,10.3,10,2016
Запорізька область,Вадим Кривохатько,82,15,2,2016
Івано-Франківська область,Олександр Шевченко,83,37.6,12,2016
Івано-Франківська область,Михайло Довбенко,84,17,8,2016
Івано-Франківська область,Віктор Шевченко,85,7.1,10,2016
Івано-Франківська область,Анатолій Дирів,86,39.7,43,2016
Івано-Франківська область,Юрій Дерев'янко,87,11.3,5,2016
Івано-Франківська область,Юрій Тимошенко,88,34.8,39,2016
Івано-Франківська область,Юрій Соловей,89,21.1,24,2016
Київська область,Руслан Сольвар,91,26.5,17,2016
Київська область,Олександр Онищенко,93,12,10,2016
Київська область,Віктор Романюк,94,17,7,2016
Київська область,Михайло Гаврилюк,95,17,7,2016
Київська область,Ярослав Москаленко,96,4.1,4,2016
Київська область,Павло Різаненко,97,39.9,19,2016
Київська область,Сергій Міщенко,98,17,12,2016
Кіровоградська область,Костянтин Яриніч,99,34.1,11,2016
Кіровоградська область,Станіслав Березкін,100,9.2,9,2016
Кіровоградська область,Олесь Довгий,102,29.8,38,2016
Кіровоградська область,Анатолій Кузьменко,103,18,13,2016
Луганська область,Віталій Курило,113,17,36,2016
Львівська область,Ірина Подоляк,116,5.5,2,2016
Львівська область,Богдан Дубневич,118,5,5,2016
Львівська область,Михайло Бондар,119,17.4,18,2016
Львівська область,Ярослав Дубневич,120,16.2,36,2016
Львівська область,Богдан Матківський,121,12,2,2016
Львівська область,Тарас Батенко,123,6.5,18,2016
Львівська область,Олег Мусій,124,16.6,88,2016
Львівська область,Андрій Лопушанський,125,15.8,7,2016
Львівська область,Андрій Кіт,126,17,12,2016
Миколаївська область,Борис Козир,127,12,4,2016
Миколаївська область,Артем Ільюк,128,11.2,5,2016
Миколаївська область,Андрій Вадатурський,130,18.4,126,2016
Миколаївська область,Олександр Лівік,131,15.5,8,2016
Миколаївська область,Аркадій Корнацький,132,14.9,9,2016
Одеська область,Едуард Матвійчук,133,3,1,2016
Одеська область,Геннадій Чекіта,134,17.8,91,2016
Одеська область,Дмитро Голубов,136,14,5,2016
Одеська область,Леонід Клімов,137,8.5,10,2016
Одеська область,Іван Фурсін,138,19,39,2016
Одеська область,Олександр Пресман,139,10.8,5,2016
Одеська область,Василь Гуляєв,140,27,47,2016
Одеська область,Віталій Барвіненко,141,13.4,2,2016
Одеська область,Антон Кіссе,142,12.5,8,2016
Одеська область,Олександр Урбанський,143,21.7,61,2016
Полтавська область,Сергій Каплін,144,13.5,10,2016
Полтавська область,Юрій Бублик,145,22.6,79,2016
Полтавська область,Юрій Шаповалов,146,17,11,2016
Полтавська область,Олег Кулініч,147,10.2,6,2016
Полтавська область,Андрій Река,149,17,41,2016
Полтавська область,Руслан Богдан,151,13.5,24,2016
Рівненська область,Олег Осуховський,152,1.2,1,2016
Рівненська область,Юрій Вознюк,153,28.7,30,2016
Рівненська область,Олександр Дехтярчук,154,19.9,24,2016
Рівненська область,Василь Яніцький,155,18.7,48,2016
Рівненська область,Сергій Євтушок,156,4,7,2016
Сумська область,Олег Медуниця,157,19.4,11,2016
Сумська область,Олександр Сугоняко,158,28.5,40,2016
Сумська область,Андрій Деркач,159,18.8,35,2016
Сумська область,Ігор Молоток,160,44.1,117,2016
Сумська область,Микола Лаврик,161,12.4,75,2016
Сумська область,Владислав Бухарєв,162,5,7,2016
Тернопільська область,Тарас Юрик,165,15.7,26,2016
Тернопільська область,Олег Барна,167,15,80,2016
Харківська область,Валерій Писаренко,168,68.1,3,2016
Харківська область,Віталій Хомутиннік,171,19.3,5,2016
Харківська область,Анатолій Денисенко,173,5,1,2016
Харківська область,Володимир Кацуба,175,20.2,11,2016
Харківська область,Дмитро Шенцев,176,2.1,4,2016
Харківська область,Віктор Остапчук,177,21.3,16,2016
Харківська область,Дмитро Добкін,178,4.5,11,2016
Харківська область,Анатолій Гіршфельд,179,18.6,32,2016
Харківська область,Олександр Біловол,180,26.8,24,2016
Харківська область,Євгеній Мураєв,181,2,5,2016
Херсонська область,Олександр Співаковський,182,16.1,6,2016
Херсонська область,Юрій Одарченко,183,3.6,9,2016
Херсонська область,Іван Вінник,184,17,28,2016
Херсонська область,Сергій Хлань,185,17,25,2016
Херсонська область,Федір Негой,186,17.4,61,2016
Хмельницька область,Сергій Мельник,187,5.8,5,2016
Хмельницька область,Сергій Лабазюк,188,19.5,119,2016
Хмельницька область,Андрій Шинькович,189,12,11,2016
Хмельницька область,Роман Мацола,190,25.3,24,2016
Хмельницька область,Віктор Бондар,191,28.2,23,2016
Хмельницька область,Володимир Мельниченко,193,17,19,2016
Черкаська область,Олег Петренко,194,17,6,2016
Черкаська область,Володимир Зубик,195,5.1,8,2016
Черкаська область,Геннадій Бобов,196,15.2,14,2016
Черкаська область,Владислав Голуб,197,17,4,2016
Черкаська область,Сергій Рудик,198,17.6,148,2016
Черкаська область,Валентин Ничипоренко,199,14.3,14,2016
Черкаська область,Антон Яценко,200,26.1,24,2016
Чернівецька область,Микола Федорук,201,29.2,5,2016
Чернівецька область,Іван Рибак,202,18.4,51,2016
Чернівецька область,Григорій Тіміш,203,16.9,32,2016
Чернівецька область,Максим Бурбак,204,8.2,5,2016
Чернігівська область,Сергій Березенко,205,18,9,2016
Чернігівська область,Максим Микитась,206,3.9,6,2016
Чернігівська область,Анатолій Євлахов,207,2.9,4,2016
Чернігівська область,Валерій Давиденко,208,18.2,36,2016
Чернігівська область,Олександр Кодола,209,15.7,67,2016
Чернігівська область,Олег Дмитренко,210,16.9,83,2016
м. Київ,Володимир Ар'єв,218,16.9,24,2016
м. Київ,Олександр Третьяков,219,17,14,2016
м. Київ,Вячеслав Константіновський,220,10,9,2016
м. Київ,Леонід Ємець,221,12,3,2016
Закарпатська область,Віктор Балога,69,0,0,2016
Київська область,Олександр Марченко,90,0,0,2016
Львівська область,Оксана Юринець,117,0,0,2016
м. Київ,Андрій Білецький,217,0,0,2016
м. Київ,Андрій Іллєнко,215,0,0,2016
Дніпропетровська область,Андрій Денисенко,26,0,0,2016
Донецька область,Юхим Звягільський,45,0,0,2016
Київська область,Віталій Гудзенко,92,0,0,2016
Луганська область,Євген Бакулін,106,0,0,2016
Полтавська область,Костянтин Іщейкін,148,0,0,2016
м. Київ,Дмитро Андрієвський,222,0,0,2016
Львівська область,Дмитро Добродомов,115,0,0,2016
Миколаївська область,Олександр Жолобецький,129,0,0,2016
Дніпропетровська область,Андрій Гальченко,32,0,0,2016
Дніпропетровська область,Яків Безбах,24,0,0,2016
Львівська область,Володимир Парасюк,122,0,0,2016
Запорізька область,Олександр Пономарьов,78,0,0,2016
Луганська область,Сергій Дунаєв,107,0,0,2016
Хмельницька область,Олександр Герега,192,0,0,2016
Закарпатська область,Іван Балога,73,0,0,2016
м. Київ,Євген Рибчинський,211,0,0,2016
Донецька область,Олег Недава,53,0,0,2016
Харківська область,Олександр Кірш,169,0,0,2016
Дніпропетровська область,Артур Мартовицький,36,0,0,2016
Луганська область,Юлій Іоффе,112,0,0,2016
Дніпропетровська область,Іван Куліченко,28,0,0,2016
Дніпропетровська область,Дмитро Ярош,39,0,0,2016
м. Київ,Віталій Сташук,212,0,0,2016
Тернопільська область,Тарас Пастух,163,0,0,2016
м. Київ,Борислав Береза,213,0,0,2016
Тернопільська область,Михайло Головко,164,0,0,2016
Тернопільська область,Микола Люшняк,166,0,0,2016
Кіровоградська область,Михайло Поплавський,101,0,0,2016
Полтавська область,Костянтин Жеваго,150,0,0,2016
Донецька область,Сергій Клюєв,46,0,0,2016
Харківська область,Дмитро Святаш,170,0,0,2016
м. Київ,Юрій Левченко,223,0,0,2016
м. Київ,Віктор Чумак,214,0,0,2016
Одеська область,Сергій Ківалов,135,0,0,2016
Харківська область,Олександр Фельдман,174,0,0,2016
Харківська область,Володимир Мисик,172,0,0,2016
Луганська область,Сергій Шахов,114,0,0,2016
м. Київ,Олександр Супруненко,216,0,0,2016
